scale,file_count,percentage
<= 50,515,51.5
51-100,295,29.5
101-200,129,12.9
201-500,44,4.3999999999999995
501-1000,6,0.6
1001-2000,7,0.7000000000000001
> 2000,4,0.4
